{
  "project_info": {
    "project_number": "530294608288",
    "project_id": "agrinomics-2",
    "storage_bucket": "agrinomics-2.appspot.com"
  },
  "client": [
    {
      "client_info": {
        "mobilesdk_app_id": "1:530294608288:android:83a4462b7028712fb914c5",
        "android_client_info": {
          "package_name": "com.example.farm2"
        }
      },
      "oauth_client": [
        {
          "client_id": "530294608288-28mbqi9i8gacpksm02pcpf18a2meojv6.apps.googleusercontent.com",
          "client_type": 3
        }
      ],
      "api_key": [
        {
          "current_key": "AIzaSyB31xyKI8_FpyafzLrb2HF2Bq4dNETUuyA"
        }
      ],
      "services": {
        "appinvite_service": {
          "other_platform_oauth_client": [
            {
              "client_id": "530294608288-28mbqi9i8gacpksm02pcpf18a2meojv6.apps.googleusercontent.com",
              "client_type": 3
            }
          ]
        }
      }
    }
  ],
  "configuration_version": "1"
}